model,train,test
LinearSGD_default,0.5508806678701199,0.3793511146455853
Lasso_default,0.5509969249049114,0.3795754706876904
Ridge_default,0.5178313615325897,0.4518473690817616
ElasticNet_default,0.5378465347210548,0.4390915343083388
