model,train,test
LinearSGD_default,735.3054513510097,797.860906349863
Lasso_default,735.1141349504433,797.5342849781929
Ridge_default,736.5927685125905,766.2464508454933
ElasticNet_default,731.1093854836774,772.033509399661
