model,train,test
LinearSGD_default,1062.6175982097045,1239.6810621058703
Lasso_default,1062.4800570732773,1239.4569780200761
Ridge_default,1101.0210165776252,1165.0316620932272
ElasticNet_default,1077.9267168435722,1178.509192184268
